{
	"0.55.0": [{
		"title": "[BREAK] `getUsersOfRoom` API to return array of objects with user and username, instead of array of strings",
		"userLogin": "rodrigok",
		"contributors": []
	}, {
		"title": "[FIX] Incoming integrations would break when trying to use the `Store` feature.`",
		"userLogin": "rodrigok",
		"contributors": []
	}, {
		"title": "[FIX] Removed Deprecated Package rocketchat:sharedsecret`",
		"userLogin": "rodrigok",
		"contributors": []
	}],
	"0.72.0-rc.0": [{
		"title": "[BREAK] Support for Cordova (Rocket.Chat Legacy app) has reached End-of-life, support has been discontinued",
		"userLogin": "sampaiodiego",
		"contributors": []
	}],
	"3.0.0-rc.9": [{
		"title": "[BREAK] TLS v1.0 and TLS v1.1 were disabled by due to NodeJS update to v12. You can still enable them by using flags like `--tls-min-v1.0` and `--tls-min-v1.1`",
		"userLogin": "sampaiodiego",
		"contributors": []
	}],
	"3.6.0-rc.0": [{
		"pr": "18642",
		"title": "[NEW] Admin option to reset other users’ E2E encryption key",
		"userLogin": "rodrigok",
		"contributors": [],
		"description": "Requires the 2FA password fallback enforcement enabled to work"
	}],
	"3.7.3": [{
		"title": "[FIX] Exception on certain login cases including SAML",
		"userLogin": "sampaiodiego",
		"contributors": [
			"sampaiodiego"
		]
	}],
	"3.8.3": [{
		"title": "[FIX] Exception on certain login cases including SAML",
		"userLogin": "sampaiodiego",
		"contributors": [
			"sampaiodiego"
		]
	}],
	"3.9.1": [{
		"title": "[FIX] Exception on certain login cases including SAML",
		"userLogin": "sampaiodiego",
		"contributors": [
			"sampaiodiego"
		]
	}],
	"3.10.5": [{
		"title": "[FIX] Security Hotfix",
		"userLogin": "sampaiodiego",
		"contributors": [
			"sampaiodiego"
		]
	}],
	"3.12.0-rc.3": [{
		"title": "[FIX] Security Hotfix (https://docs.rocket.chat/guides/security/security-updates)",
		"userLogin": "sampaiodiego",
		"contributors": [
			"sampaiodiego"
		]
	}],
	"3.12.2": [{
		"title": "[FIX] Bump Livechat widget",
		"userLogin": "sampaiodiego",
		"contributors": [
			"sampaiodiego"
		]
	}, {
		"title": "[FIX] Security Hotfix (https://docs.rocket.chat/guides/security/security-updates)",
		"userLogin": "sampaiodiego",
		"contributors": [
			"sampaiodiego",
			"g-thome",
			"KevLehman",
			"matheusbsilva137"
		]
	}],
	"3.13.2": [{
		"title": "[FIX] Security Hotfix (https://docs.rocket.chat/guides/security/security-updates)",
		"userLogin": "sampaiodiego",
		"contributors": [
			"sampaiodiego",
			"KevLehman",
			"renatobecker"
		]
	}],
	"3.14.2": [{
		"title": "[FIX] Security Hotfix (https://docs.rocket.chat/guides/security/security-updates)",
		"userLogin": "sampaiodiego",
		"contributors": [
			"sampaiodiego",
			"KevLehman",
			"g-thome"
		]
	}],
	"3.14.4": [{
		"title": "[FIX] Security Hotfix (https://docs.rocket.chat/guides/security/security-updates)",
		"userLogin": "ggazzo",
		"contributors": [
			"ggazzo"
		]
	}],
	"3.16.3": [{
		"title": "[FIX] Security Hotfix (https://docs.rocket.chat/guides/security/security-updates)",
		"userLogin": "sampaiodiego",
		"contributors": [
			"g-thome",
			"ggazzo",
			"sampaiodiego",
			"matheusbsilva137",
			"pierre-lehnen-rc"
		]
	}]
}
